{
  "profile_updates_v2": [
    {
      "timestamp": 1245151327,
      "attachments": [
        {
          "data": [
            {
              "media": {
                "uri": "posts/media/Profilepictures_KuJXZyNJVQ/216541_1012390448733_7531915_n_1012390448733.jpg",
                "creation_timestamp": 1245151327,
                "title": "Profile pictures"
              }
            }
          ]
        }
      ],
      "title": "Antoine Ogier updated his profile picture."
    },
    {
      "timestamp": 1246297913,
      "attachments": [
        {
          "data": [
            {
              "media": {
                "uri": "posts/media/Profilepictures_KuJXZyNJVQ/221744_1019688271174_6442280_n_1019688271174.jpg",
                "creation_timestamp": 1246297913,
                "title": "Profile pictures"
              }
            }
          ]
        }
      ],
      "title": "Antoine Ogier updated his profile picture."
    },
    {
      "timestamp": 1268312517,
      "attachments": [
        {
          "data": [
            {
              "media": {
                "uri": "posts/media/Profilepictures_KuJXZyNJVQ/26450_1142785628531_4779579_n_1142785628531.jpg",
                "creation_timestamp": 1268312517,
                "title": "Profile pictures"
              }
            }
          ]
        }
      ],
      "title": "Antoine Ogier updated his profile picture."
    },
    {
      "timestamp": 1271409307,
      "title": "Antoine Ogier changed his Religious Views."
    },
    {
      "timestamp": 1272622735,
      "title": "Antoine Ogier added \"43 ... jme l\u00c3\u00a8ve \u00c3\u00a0 45 \" ... \" mxrde il est 46 , tant pis j'attend 50 x) \" to his profile."
    },
    {
      "timestamp": 1272622735,
      "title": "Antoine Ogier added Dire a un allemand \" J'ai mang\u00c3\u00a9 un Kinder.\" et le voir s'enfuir en courant. to his profile."
    },
    {
      "timestamp": 1272812751,
      "title": "Antoine Ogier added \"J'ai arr\u00c3\u00aat\u00c3\u00a9 de boire, \u00c3\u00a7a s'arrose!!!\" to his profile."
    },
    {
      "timestamp": 1273299665,
      "title": "Antoine Ogier added J\u00c3\u00a9sus changeait l'eau en vin. Tu m'\u00c3\u00a9tonne que 12 mecs le suivaient partout to his profile."
    },
    {
      "timestamp": 1277172421,
      "attachments": [
        {
          "data": [
            {
              "media": {
                "uri": "posts/media/Profilepictures_KuJXZyNJVQ/36927_1212380008347_4626933_n_1212380008347.jpg",
                "creation_timestamp": 1277172421,
                "title": "Profile pictures"
              }
            }
          ]
        }
      ],
      "title": "Antoine Ogier updated his profile picture."
    },
    {
      "timestamp": 1277294429,
      "title": "Antoine Ogier added Dire le jour du bac au surveillant \"maybe we could make an arrangement\" to his profile."
    },
    {
      "timestamp": 1283841638,
      "attachments": [
        {
          "data": [
            {
              "media": {
                "uri": "posts/media/Profilepictures_KuJXZyNJVQ/58973_1270456220216_250498_n_1270456220216.jpg",
                "creation_timestamp": 1283841638,
                "title": "Profile pictures"
              }
            }
          ]
        }
      ],
      "title": "Antoine Ogier updated his profile picture."
    },
    {
      "timestamp": 1284311145,
      "title": "Antoine Ogier added Paris Games Week to his profile."
    },
    {
      "timestamp": 1285224429,
      "title": "Antoine Ogier added Epic Battle Fantasy series to his profile."
    },
    {
      "timestamp": 1287417107,
      "title": "Antoine Ogier added Starbucks to his profile."
    },
    {
      "timestamp": 1289030003,
      "title": "Antoine Ogier added Muse to his profile."
    },
    {
      "timestamp": 1289579190,
      "title": "Antoine Ogier added Q Workshop to his profile."
    },
    {
      "timestamp": 1289910503,
      "title": "Antoine Ogier added The Cure to his profile."
    },
    {
      "timestamp": 1289910522,
      "title": "Antoine Ogier added The Clash to his profile."
    },
    {
      "timestamp": 1289910968,
      "title": "Antoine Ogier added Red Hot Chili Peppers to his profile."
    },
    {
      "timestamp": 1289911008,
      "title": "Antoine Ogier added Placebo to his profile."
    },
    {
      "timestamp": 1289911041,
      "title": "Antoine Ogier added Franz Ferdinand to his profile."
    },
    {
      "timestamp": 1289911070,
      "title": "Antoine Ogier added Nirvana to his profile."
    },
    {
      "timestamp": 1289911095,
      "title": "Antoine Ogier added The Automatic to his profile."
    },
    {
      "timestamp": 1289911107,
      "title": "Antoine Ogier added U2 to his profile."
    },
    {
      "timestamp": 1289911120,
      "title": "Antoine Ogier added The Offspring to his profile."
    },
    {
      "timestamp": 1289911145,
      "title": "Antoine Ogier added Linkin Park to his profile."
    },
    {
      "timestamp": 1289911168,
      "title": "Antoine Ogier added The White Stripes to his profile."
    },
    {
      "timestamp": 1289911195,
      "title": "Antoine Ogier added James Blunt to his profile."
    },
    {
      "timestamp": 1289911320,
      "title": "Antoine Ogier added Razorlight to his profile."
    },
    {
      "timestamp": 1289911334,
      "title": "Antoine Ogier added Coldplay to his profile."
    },
    {
      "timestamp": 1289911342,
      "title": "Antoine Ogier added Kaiser Chiefs to his profile."
    },
    {
      "timestamp": 1289911389,
      "title": "Antoine Ogier added Deep Purple to his profile."
    },
    {
      "timestamp": 1289911396,
      "title": "Antoine Ogier added AC/DC to his profile."
    },
    {
      "timestamp": 1289911453,
      "title": "Antoine Ogier added Queen to his profile."
    },
    {
      "timestamp": 1289911541,
      "title": "Antoine Ogier added The Rolling Stones to his profile."
    },
    {
      "timestamp": 1289911554,
      "title": "Antoine Ogier added The Police to his profile."
    },
    {
      "timestamp": 1289911589,
      "title": "Antoine Ogier added The Kinks to his profile."
    },
    {
      "timestamp": 1289911999,
      "title": "Antoine Ogier added Plain White T's to his profile."
    },
    {
      "timestamp": 1289912021,
      "title": "Antoine Ogier added AaRON to his profile."
    },
    {
      "timestamp": 1289912035,
      "title": "Antoine Ogier added Depeche Mode to his profile."
    },
    {
      "timestamp": 1289993325,
      "title": "Antoine Ogier changed his Religious Views."
    },
    {
      "timestamp": 1290444826,
      "title": "Antoine Ogier added R\u00c3\u00a9mi GAILLARD to his profile."
    },
    {
      "timestamp": 1292956361,
      "title": "Antoine Ogier added Fran\u00c3\u00a7ais to his languages."
    },
    {
      "timestamp": 1294292414,
      "title": "Antoine Ogier added The Offspring to his profile."
    },
    {
      "timestamp": 1294439094,
      "title": "Antoine Ogier added The Killers to his profile."
    },
    {
      "timestamp": 1296478526,
      "title": "Antoine Ogier added 20 ans de Naheulbeuk to his profile."
    },
    {
      "timestamp": 1300275515,
      "title": "Antoine Ogier added Led Zeppelin to his profile."
    },
    {
      "timestamp": 1300348641,
      "title": "Antoine Ogier added Led Zeppelin to his profile."
    },
    {
      "timestamp": 1300544281,
      "title": "Antoine Ogier added Total War France to his profile."
    },
    {
      "timestamp": 1300741259,
      "title": "Antoine Ogier added House to his profile."
    },
    {
      "timestamp": 1300741272,
      "title": "Antoine Ogier added The Beatles to his profile."
    },
    {
      "timestamp": 1300741280,
      "title": "Antoine Ogier added The Doors to his profile."
    },
    {
      "timestamp": 1300741293,
      "title": "Antoine Ogier added Guns N' Roses to his profile."
    },
    {
      "timestamp": 1300741302,
      "title": "Antoine Ogier added Nickelback to his profile."
    },
    {
      "timestamp": 1300741310,
      "title": "Antoine Ogier added Radiohead to his profile."
    },
    {
      "timestamp": 1300741327,
      "title": "Antoine Ogier added Pink Floyd to his profile."
    },
    {
      "timestamp": 1300741335,
      "title": "Antoine Ogier added Kings Of Leon to his profile."
    },
    {
      "timestamp": 1300741351,
      "title": "Antoine Ogier added Le SAV d'Omar et Fred to his profile."
    },
    {
      "timestamp": 1300741364,
      "title": "Antoine Ogier added Avenged Sevenfold to his profile."
    },
    {
      "timestamp": 1300829222,
      "title": "Antoine Ogier added David Bowie to his profile."
    },
    {
      "timestamp": 1300829295,
      "title": "Antoine Ogier added VDM to his profile."
    },
    {
      "timestamp": 1300829319,
      "title": "Antoine Ogier added Sting to his profile."
    },
    {
      "timestamp": 1301935270,
      "title": "Antoine Ogier added Armor Games to his profile."
    },
    {
      "timestamp": 1303846891,
      "attachments": [
        {
          "data": [
            {
              "media": {
                "uri": "posts/media/Profilepictures_KuJXZyNJVQ/200916_1525563557740_7093207_o_1525563557740.jpg",
                "creation_timestamp": 1303846891,
                "media_metadata": {
                  "photo_metadata": {
                    "exif_data": [
                      {
                        "upload_ip": "195.132.86.184"
                      }
                    ]
                  }
                },
                "title": "Profile pictures"
              }
            }
          ]
        }
      ],
      "title": "Antoine Ogier updated his profile picture."
    },
    {
      "timestamp": 1304516902,
      "attachments": [
        {
          "data": [
            {
              "media": {
                "uri": "posts/media/Profilepictures_KuJXZyNJVQ/204282_1536922601709_7646454_o_1536922601709.jpg",
                "creation_timestamp": 1304516902,
                "media_metadata": {
                  "photo_metadata": {
                    "exif_data": [
                      {
                        "upload_ip": "195.132.86.184"
                      }
                    ]
                  }
                },
                "title": "Profile pictures"
              }
            }
          ]
        }
      ],
      "title": "Antoine Ogier updated his profile picture."
    },
    {
      "timestamp": 1308599555,
      "title": "Antoine Ogier added Paramore to his profile."
    },
    {
      "timestamp": 1319826671,
      "title": "Antoine Ogier added Deep Purple Classic to his profile."
    },
    {
      "timestamp": 1324394960,
      "attachments": [
        {
          "data": [
            {
              "media": {
                "uri": "posts/media/Profilepictures_KuJXZyNJVQ/412929_2096208023495_1882775004_o_2096208023495.jpg",
                "creation_timestamp": 1324394960,
                "media_metadata": {
                  "photo_metadata": {
                    "exif_data": [
                      {
                        "upload_ip": "195.132.81.37"
                      }
                    ]
                  }
                },
                "title": "Profile pictures"
              }
            }
          ]
        }
      ],
      "title": "Antoine Ogier updated his profile picture."
    },
    {
      "timestamp": 1332514714,
      "title": "Antoine Ogier added Gad Elmaleh to his profile."
    },
    {
      "timestamp": 1333396080,
      "attachments": [
        {
          "data": [
            {
              "media": {
                "uri": "posts/media/Profilepictures_KuJXZyNJVQ/540556_2584801718032_658930520_n_2584801718032.jpg",
                "creation_timestamp": 1333396080,
                "media_metadata": {
                  "photo_metadata": {
                    "exif_data": [
                      {
                        "upload_ip": "195.132.81.37"
                      }
                    ]
                  }
                },
                "title": "Profile pictures"
              }
            }
          ]
        }
      ],
      "title": "Antoine Ogier updated his profile picture."
    },
    {
      "timestamp": 1333468469,
      "attachments": [
        {
          "data": [
            {
              "media": {
                "uri": "posts/media/Profilepictures_KuJXZyNJVQ/469264_2588282565051_626671844_o_2588282565051.jpg",
                "creation_timestamp": 1333468469,
                "media_metadata": {
                  "photo_metadata": {
                    "exif_data": [
                      {
                        "upload_ip": "195.132.81.37"
                      }
                    ]
                  }
                },
                "title": "Profile pictures"
              }
            }
          ]
        }
      ],
      "title": "Antoine Ogier updated his profile picture."
    },
    {
      "timestamp": 1357854920,
      "title": "Antoine Ogier added Sant\u00c3\u00a9 Mentale en Afrique de l'Ouest to his profile."
    },
    {
      "timestamp": 1360453191,
      "title": "Antoine Ogier added Spotted: Lyc\u00c3\u00a9e Louis Le Grand to his profile."
    },
    {
      "timestamp": 1363337050,
      "attachments": [
        {
          "data": [
            {
              "media": {
                "uri": "posts/media/Profilepictures_KuJXZyNJVQ/599007_4009669658840_199691007_n_4009669658840.jpg",
                "creation_timestamp": 1363337050,
                "media_metadata": {
                  "photo_metadata": {
                    "exif_data": [
                      {
                        "upload_ip": "87.231.60.139"
                      }
                    ]
                  }
                },
                "title": "Profile pictures"
              }
            }
          ]
        }
      ],
      "title": "Antoine Ogier updated his profile picture."
    },
    {
      "timestamp": 1364540862,
      "title": "Antoine Ogier added Les Inconnus - Officiel to his profile."
    },
    {
      "timestamp": 1383864502,
      "title": "Antoine Ogier added Arctic Monkeys to his profile."
    },
    {
      "timestamp": 1403005481,
      "title": "Antoine Ogier added UCPA to his profile."
    },
    {
      "timestamp": 1429172478,
      "attachments": [
        {
          "data": [
            {
              "media": {
                "uri": "posts/media/Profilepictures_KuJXZyNJVQ/11146262_10202828881441800_3182484906222170639_n_10202828881441800.jpg",
                "creation_timestamp": 1429172478,
                "media_metadata": {
                  "photo_metadata": {
                    "exif_data": [
                      {
                        "upload_ip": "129.104.247.2",
                        "taken_timestamp": 1429172480
                      }
                    ]
                  }
                },
                "title": "Profile pictures"
              }
            }
          ]
        }
      ],
      "title": "Antoine Ogier updated his profile picture."
    },
    {
      "timestamp": 1429172941,
      "title": "Antoine Ogier added Le TaBarnacle - Point Gamma 2015 to his profile."
    },
    {
      "timestamp": 1430043004,
      "attachments": [
        {
          "data": [
            {
              "media": {
                "uri": "posts/media/Profilepictures_KuJXZyNJVQ/11169932_10202882451061007_1618186800285839201_n_10202882451061007.jpg",
                "creation_timestamp": 1430043004,
                "media_metadata": {
                  "photo_metadata": {
                    "exif_data": [
                      {
                        "upload_ip": "195.132.86.5",
                        "taken_timestamp": 1430043006
                      }
                    ]
                  }
                },
                "title": "Profile pictures"
              }
            }
          ]
        }
      ],
      "title": "Antoine Ogier updated his profile picture."
    },
    {
      "timestamp": 1430377621,
      "title": "Antoine Ogier added Cabinet Start-Up to his profile."
    },
    {
      "timestamp": 1431919186,
      "title": "Antoine Ogier added Nutella to his profile."
    },
    {
      "timestamp": 1432198218,
      "title": "Antoine Ogier added TEDx \u00c3\u0089cole Polytechnique to his profile."
    },
    {
      "timestamp": 1432827389,
      "title": "Antoine Ogier added Spotted Polytechnique to his profile."
    },
    {
      "timestamp": 1432857029,
      "attachments": [
        {
          "data": [
            {
              "media": {
                "uri": "posts/media/Profilepictures_KuJXZyNJVQ/11119432_10203044430510392_4729724005237897400_n_10203044430510392.jpg",
                "creation_timestamp": 1432857029,
                "media_metadata": {
                  "photo_metadata": {
                    "exif_data": [
                      {
                        "upload_ip": "129.104.247.2",
                        "taken_timestamp": 1432857031
                      }
                    ]
                  }
                },
                "title": "Profile pictures"
              }
            }
          ]
        }
      ],
      "title": "Antoine Ogier updated his profile picture."
    },
    {
      "timestamp": 1434819389,
      "attachments": [
        {
          "data": [
            {
              "media": {
                "uri": "posts/media/Profilepictures_KuJXZyNJVQ/1506723_10203134035910471_7902082290087077969_n_10203134035910471.jpg",
                "creation_timestamp": 1434819389,
                "media_metadata": {
                  "photo_metadata": {
                    "exif_data": [
                      {
                        "upload_ip": "195.132.86.5",
                        "taken_timestamp": 1434819391
                      }
                    ]
                  }
                },
                "title": "Profile pictures"
              }
            }
          ]
        }
      ],
      "title": "Antoine Ogier updated his profile picture."
    },
    {
      "timestamp": 1438349568,
      "attachments": [
        {
          "data": [
            {
              "media": {
                "uri": "posts/media/Profilepictures_KuJXZyNJVQ/11826053_10203324491071731_3983683615967030698_n_10203324491071731.jpg",
                "creation_timestamp": 1438349568,
                "media_metadata": {
                  "photo_metadata": {
                    "exif_data": [
                      {
                        "upload_ip": "195.132.86.5",
                        "taken_timestamp": 1438349570
                      }
                    ]
                  }
                },
                "title": "Profile pictures"
              }
            }
          ]
        }
      ],
      "title": "Antoine Ogier updated his profile picture."
    },
    {
      "timestamp": 1439125901,
      "title": "Antoine Ogier added X-MicroFinance to his profile."
    },
    {
      "timestamp": 1441217031,
      "title": "Antoine Ogier added Platypus Braxx Band to his profile."
    },
    {
      "timestamp": 1444123588,
      "title": "Antoine Ogier added X-Forum to his profile."
    },
    {
      "timestamp": 1447630954,
      "title": "Antoine Ogier added Centrale \u00c3\u0089galit\u00c3\u00a9 des Chances - CEC to his profile."
    },
    {
      "timestamp": 1447688915,
      "title": "Antoine Ogier added Challenge X-SYSTRA to his profile."
    },
    {
      "timestamp": 1447718290,
      "title": "Antoine Ogier added DolK\u00c3\u00a8s Vita to his profile."
    },
    {
      "timestamp": 1452102842,
      "title": "Antoine Ogier added Fab Bike to his profile."
    },
    {
      "timestamp": 1452984948,
      "title": "Antoine Ogier added Coupe de l'X to his profile."
    },
    {
      "timestamp": 1454917930,
      "attachments": [
        {
          "data": [
            {
              "media": {
                "uri": "posts/media/Profilepictures_KuJXZyNJVQ/12650935_10204143654070294_2114692892747786538_n_10204143654070294.jpg",
                "creation_timestamp": 1454917930,
                "media_metadata": {
                  "photo_metadata": {
                    "exif_data": [
                      {
                        "upload_ip": "129.104.247.2",
                        "taken_timestamp": 1454917932
                      }
                    ]
                  }
                },
                "title": "Profile pictures"
              }
            }
          ]
        }
      ],
      "title": "Antoine Ogier updated his profile picture."
    },
    {
      "timestamp": 1455280862,
      "title": "Antoine Ogier added Atelier Des Ondes to his profile."
    },
    {
      "timestamp": 1457772893,
      "title": "Antoine Ogier added TEDx Panth\u00c3\u00a9onSorbonne to his profile."
    },
    {
      "timestamp": 1458042245,
      "title": "Antoine Ogier added Pop Corn Redemption to his profile."
    },
    {
      "timestamp": 1460713567,
      "attachments": [
        {
          "data": [
            {
              "media": {
                "uri": "posts/media/Profilepictures_KuJXZyNJVQ/12976767_10204580418429130_7629104378281644910_o_10204580418429130.jpg",
                "creation_timestamp": 1460713567,
                "media_metadata": {
                  "photo_metadata": {
                    "exif_data": [
                      {
                        "upload_ip": "129.104.29.1",
                        "taken_timestamp": 1460713569
                      }
                    ]
                  }
                },
                "title": "Profile pictures"
              }
            }
          ]
        }
      ],
      "title": "Antoine Ogier updated his profile picture."
    },
    {
      "timestamp": 1463600607,
      "title": "Antoine Ogier added Agro Contre le Paludisme - ACP to his profile."
    },
    {
      "timestamp": 1468868027,
      "title": "Antoine Ogier added Prizoners to his profile."
    },
    {
      "timestamp": 1473351966,
      "attachments": [
        {
          "data": [
            {
              "media": {
                "uri": "posts/media/Profilepictures_KuJXZyNJVQ/14257529_10205409295870548_3862423624346287586_o_10205409295870548.jpg",
                "creation_timestamp": 1473351966,
                "media_metadata": {
                  "photo_metadata": {
                    "exif_data": [
                      {
                        "upload_ip": "80.215.156.200",
                        "taken_timestamp": 1473351967
                      }
                    ]
                  }
                },
                "title": "Profile pictures"
              }
            }
          ]
        }
      ],
      "title": "Antoine Ogier updated his profile picture."
    },
    {
      "timestamp": 1473803533,
      "title": "Antoine Ogier added TEDx AgroParisTech to his profile."
    },
    {
      "timestamp": 1475606963,
      "title": "Antoine Ogier added DroptheCode to his profile."
    },
    {
      "timestamp": 1476221001,
      "title": "Antoine Ogier added MenuisiX to his profile."
    },
    {
      "timestamp": 1479074176,
      "title": "Antoine Ogier added K\u00c3\u00a8sdorado to his profile."
    },
    {
      "timestamp": 1489785391,
      "title": "Antoine Ogier added Scin\u00c3\u00a9ma to his profile."
    },
    {
      "timestamp": 1496232906,
      "title": "Antoine Ogier added University of Oxford to his profile."
    },
    {
      "timestamp": 1507424897,
      "title": "Antoine Ogier added Oxford University French Society to his profile."
    },
    {
      "timestamp": 1507585302,
      "title": "Antoine Ogier added Green Templeton College Bar to his profile."
    },
    {
      "timestamp": 1509488187,
      "title": "Antoine Ogier added Computer Science Memes for Travelling Salesman Teens to his profile."
    },
    {
      "timestamp": 1512906068,
      "title": "Antoine Ogier added Yakabois to his profile."
    },
    {
      "timestamp": 1516782609,
      "title": "Antoine Ogier added Department of Statistics, University of Oxford to his profile."
    },
    {
      "timestamp": 1518541237,
      "title": "Antoine Ogier added Green Templeton Ball 2018 to his profile."
    },
    {
      "timestamp": 1519945028,
      "attachments": [
        {
          "data": [
            {
              "media": {
                "uri": "posts/media/Profilepictures_KuJXZyNJVQ/28618957_10209028749634630_1707516283449305065_o_10209028749634630.jpg",
                "creation_timestamp": 1519945028,
                "media_metadata": {
                  "photo_metadata": {
                    "exif_data": [
                      {
                        "upload_ip": "104.129.18.163",
                        "taken_timestamp": 1519945028
                      }
                    ]
                  }
                },
                "title": "Profile pictures"
              }
            }
          ]
        }
      ],
      "title": "Antoine Ogier added a temporary profile picture."
    },
    {
      "timestamp": 1519989241,
      "attachments": [
        {
          "data": [
            {
              "media": {
                "uri": "posts/media/Profilepictures_KuJXZyNJVQ/28424519_10209032271642678_5230975683466471403_o_10209032271642678.jpg",
                "creation_timestamp": 1519989241,
                "media_metadata": {
                  "photo_metadata": {
                    "exif_data": [
                      {
                        "upload_ip": "185.156.173.186",
                        "taken_timestamp": 1519989242
                      }
                    ]
                  }
                },
                "title": "Profile pictures"
              }
            }
          ]
        }
      ],
      "title": "Antoine Ogier added a temporary profile picture."
    },
    {
      "timestamp": 1520589065,
      "title": "Antoine Ogier added Heshu Wang to his profile."
    },
    {
      "timestamp": 1522138514,
      "attachments": [
        {
          "data": [
            {
              "media": {
                "uri": "posts/media/Profilepictures_KuJXZyNJVQ/29665556_10209204633231610_8395228971578292882_o_10209204633231610.jpg",
                "creation_timestamp": 1522138514,
                "media_metadata": {
                  "photo_metadata": {
                    "exif_data": [
                      {
                        "upload_ip": "82.102.18.38",
                        "taken_timestamp": 1522138515
                      }
                    ]
                  }
                },
                "title": "Profile pictures"
              }
            }
          ]
        }
      ],
      "title": "Antoine Ogier updated his profile picture."
    },
    {
      "timestamp": 1522138555,
      "attachments": [
        {
          "data": [
            {
              "media": {
                "uri": "posts/media/Profilepictures_KuJXZyNJVQ/29662401_10209204635871676_4315307190921950088_o_10209204635871676.jpg",
                "creation_timestamp": 1522138555,
                "media_metadata": {
                  "photo_metadata": {
                    "exif_data": [
                      {
                        "upload_ip": "82.102.18.38",
                        "taken_timestamp": 1522138556
                      }
                    ]
                  }
                },
                "title": "Profile pictures",
                "description": "Skiing up that hill"
              }
            }
          ]
        }
      ],
      "title": "Antoine Ogier updated his profile picture."
    },
    {
      "timestamp": 1534870174,
      "attachments": [
        {
          "data": [
            {
              "media": {
                "uri": "posts/media/Profilepictures_KuJXZyNJVQ/39741098_10210045210125507_5655100940911378432_n_10210045210045505.jpg",
                "creation_timestamp": 1534870174,
                "media_metadata": {
                  "photo_metadata": {
                    "exif_data": [
                      {
                        "upload_ip": "5.51.93.46",
                        "taken_timestamp": 1534870176
                      }
                    ]
                  }
                },
                "title": "Profile pictures"
              }
            }
          ]
        }
      ],
      "title": "Antoine Ogier updated his profile picture."
    },
    {
      "timestamp": 1534963117,
      "title": "Antoine Ogier added Juniore to his profile."
    },
    {
      "timestamp": 1535609314,
      "title": "Antoine Ogier added Paris Secret to his profile."
    },
    {
      "timestamp": 1556087210,
      "title": "Antoine Ogier added Nabe gribouille to his profile."
    }
  ]
}