{
  "profile_v2": {
    "name": {
      "full_name": "Antoine Ogier",
      "first_name": "Antoine",
      "middle_name": "",
      "last_name": "Ogier"
    },
    "emails": {
      "emails": [
        "antoine.ogier@numericable.fr",
        "antoine.ogier@gmail.com"
      ],
      "previous_emails": [
        "antoine.ogier.96@facebook.com"
      ],
      "pending_emails": [
        
      ],
      "ad_account_emails": [
        
      ]
    },
    "birthday": {
      "year": 1995,
      "month": 5,
      "day": 2
    },
    "gender": {
      "gender_option": "MALE",
      "pronoun": "MALE"
    },
    "previous_names": [
      
    ],
    "other_names": [
      
    ],
    "education_experiences": [
      
    ],
    "work_experiences": [
      
    ],
    "languages": [
      {
        "name": "Fran\u00c3\u00a7ais",
        "timestamp": 0
      }
    ],
    "blood_info": {
      "blood_donor_status": "unregistered"
    },
    "websites": [
      
    ],
    "phone_numbers": [
      {
        "phone_type": "Mobile",
        "phone_number": "+33619850947",
        "verified": true
      }
    ],
    "registration_timestamp": 1243508808,
    "profile_uri": "https://www.facebook.com/antoine.ogier"
  }
}